{
    "Servers": {
        "1": {
            "Name": "PostgreSQL 17",
            "Group": "Servers",
            "Host": "localhost",
            "Port": 5432,
            "MaintenanceDB": "postgres",
            "Username": "postgres",
            "Comment": "Auto-detected PostgreSQL 17 installation with the data directory at C:\\Program Files\\PostgreSQL\\17\\data",
            "TunnelPort": "22",
            "KerberosAuthentication": false,
            "ConnectionParameters": {
                "sslmode": "prefer",
                "connect_timeout": 10
            }
        }
    }
}